{"cameraMode":{"drawMode":0,"name":"Shaded","section":"Shading Mode"},"sceneLighting":false,"audioPlay":false,"sceneViewState":{"showFog":true,"showMaterialUpdate":true,"showSkybox":true,"showFlares":true,"showImageEffects":true,"showParticleSystems":true},"in2DMode":false,"pivot":{"x":-8.961114883422852,"y":-0.5285304188728333,"z":-4.354304313659668},"rotation":{"x":-0.047133494168519977,"y":-0.4513395130634308,"z":-0.0231076180934906,"w":0.8910397887229919},"size":8.702269554138184,"orthographic":false}