{"cameraMode":{"drawMode":0,"name":"Shaded","section":"Shading Mode"},"sceneLighting":false,"audioPlay":false,"sceneViewState":{"showFog":true,"showMaterialUpdate":true,"showSkybox":true,"showFlares":true,"showImageEffects":true,"showParticleSystems":true},"in2DMode":false,"pivot":{"x":4.800000190734863,"y":18.600000381469728,"z":-46.810001373291019},"rotation":{"x":0.3864758610725403,"y":-0.019365986809134485,"z":0.008117783814668656,"w":0.9220654368400574},"size":259.33526611328127,"orthographic":true}