{"cameraMode":{"drawMode":0,"name":"Shaded","section":"Shading Mode"},"sceneLighting":true,"audioPlay":false,"sceneViewState":{"showFog":true,"showMaterialUpdate":true,"showSkybox":true,"showFlares":true,"showImageEffects":true,"showParticleSystems":true},"in2DMode":false,"pivot":{"x":57.751625061035159,"y":11.199999809265137,"z":-78.06217956542969},"rotation":{"x":-0.09575211256742478,"y":-0.7904992699623108,"z":0.1279599666595459,"w":-0.5913272500038147},"size":20.054227828979493,"orthographic":false}