{"cameraMode":{"drawMode":0,"name":"Shaded","section":"Shading Mode"},"sceneLighting":false,"audioPlay":false,"sceneViewState":{"showFog":true,"showMaterialUpdate":false,"showSkybox":true,"showFlares":true,"showImageEffects":true,"showParticleSystems":true},"in2DMode":false,"pivot":{"x":122.08385467529297,"y":2.8429362773895265,"z":-58.34612274169922},"rotation":{"x":-0.07501918077468872,"y":0.8991727232933044,"z":-0.17031900584697724,"w":-0.3960455656051636},"size":22.0,"orthographic":true}