{"cameraMode":{"drawMode":0,"name":"Shaded","section":"Shading Mode"},"sceneLighting":false,"audioPlay":false,"sceneViewState":{"showFog":true,"showMaterialUpdate":false,"showSkybox":true,"showFlares":true,"showImageEffects":true,"showParticleSystems":true},"in2DMode":false,"pivot":{"x":2.3000071048736574,"y":-10.07040786743164,"z":-2.973613739013672},"rotation":{"x":0.03057231940329075,"y":0.030580803751945497,"z":0.0009229696006514132,"w":-0.9990720748901367},"size":1.2011737823486329,"orthographic":false}