{"cameraMode":{"drawMode":0,"name":"Shaded","section":"Shading Mode"},"sceneLighting":false,"audioPlay":false,"sceneViewState":{"showFog":true,"showMaterialUpdate":false,"showSkybox":true,"showFlares":true,"showImageEffects":true,"showParticleSystems":true},"in2DMode":false,"pivot":{"x":122.08385467529297,"y":2.8429362773895265,"z":-58.34612274169922},"rotation":{"x":0.0250758845359087,"y":-0.37032097578048708,"z":0.010001112706959248,"w":0.9285115003585815},"size":19.335079193115236,"orthographic":true}