{"cameraMode":{"drawMode":0,"name":"Shaded","section":"Shading Mode"},"sceneLighting":false,"audioPlay":false,"sceneViewState":{"showFog":true,"showMaterialUpdate":false,"showSkybox":true,"showFlares":true,"showImageEffects":true,"showParticleSystems":true},"in2DMode":false,"pivot":{"x":3.591932773590088,"y":-4.620688438415527,"z":-10.069833755493164},"rotation":{"x":-0.14048883318901063,"y":0.024913161993026735,"z":-0.0035318746231496336,"w":-0.9897681474685669},"size":7.238926410675049,"orthographic":false}