{"cameraMode":{"drawMode":0,"name":"Shaded","section":"Shading Mode"},"sceneLighting":false,"audioPlay":false,"sceneViewState":{"showFog":true,"showMaterialUpdate":false,"showSkybox":true,"showFlares":true,"showImageEffects":true,"showParticleSystems":true},"in2DMode":false,"pivot":{"x":-9.736556053161621,"y":-5.519268035888672,"z":3.2241313457489015},"rotation":{"x":-0.011698413640260697,"y":0.041083402931690219,"z":-0.0004951609298586845,"w":-0.9990871548652649},"size":1.0002599954605103,"orthographic":false}