{"cameraMode":{"drawMode":0,"name":"Shaded","section":"Shading Mode"},"sceneLighting":false,"audioPlay":false,"sceneViewState":{"showFog":true,"showMaterialUpdate":false,"showSkybox":true,"showFlares":true,"showImageEffects":true,"showParticleSystems":true},"in2DMode":false,"pivot":{"x":0.03750288859009743,"y":0.04460526257753372,"z":1.1761980056762696},"rotation":{"x":-0.00012963925837539136,"y":0.9990630745887756,"z":-0.043186433613300326,"w":-0.0029968300368636848},"size":0.963723361492157,"orthographic":false}