{"cameraMode":{"drawMode":0,"name":"Shaded","section":"Shading Mode"},"sceneLighting":false,"audioPlay":false,"sceneViewState":{"showFog":true,"showMaterialUpdate":true,"showSkybox":true,"showFlares":true,"showImageEffects":true,"showParticleSystems":true},"in2DMode":false,"pivot":{"x":-7.8446197509765629,"y":-1.2130000591278077,"z":-1.3733375072479249},"rotation":{"x":0.012857461348176003,"y":0.07662377506494522,"z":0.0010687586618587375,"w":-0.9971206784248352},"size":0.7006194591522217,"orthographic":false}