{"cameraMode":{"drawMode":0,"name":"Shaded","section":"Shading Mode"},"sceneLighting":false,"audioPlay":false,"sceneViewState":{"showFog":true,"showMaterialUpdate":false,"showSkybox":true,"showFlares":true,"showImageEffects":true,"showParticleSystems":true},"in2DMode":false,"pivot":{"x":-3.8557474613189699,"y":0.1789875626564026,"z":5.824351787567139},"rotation":{"x":0.00034175158361904323,"y":0.9970429539680481,"z":-0.07672321796417237,"w":0.004466148559004068},"size":1.0312042236328126,"orthographic":false}