{"cameraMode":{"drawMode":0,"name":"Shaded","section":"Shading Mode"},"sceneLighting":false,"audioPlay":false,"sceneViewState":{"showFog":true,"showMaterialUpdate":true,"showSkybox":true,"showFlares":true,"showImageEffects":true,"showParticleSystems":true},"in2DMode":false,"pivot":{"x":10.27038288116455,"y":1.7070000171661378,"z":-50.699501037597659},"rotation":{"x":0.009096701629459858,"y":-0.8117229342460632,"z":0.013782928697764874,"w":0.584165096282959},"size":8.580615043640137,"orthographic":false}