{"cameraMode":{"drawMode":0,"name":"Shaded","section":"Shading Mode"},"sceneLighting":false,"audioPlay":false,"sceneViewState":{"showFog":true,"showMaterialUpdate":true,"showSkybox":true,"showFlares":true,"showImageEffects":true,"showParticleSystems":true},"in2DMode":false,"pivot":{"x":141.2042236328125,"y":10.796862602233887,"z":-58.51029968261719},"rotation":{"x":0.3750697076320648,"y":0.06611113250255585,"z":-0.026809249073266984,"w":0.9242668747901917},"size":180.51687622070313,"orthographic":true}