{"cameraMode":{"drawMode":0,"name":"Shaded","section":"Shading Mode"},"sceneLighting":false,"audioPlay":false,"sceneViewState":{"showFog":true,"showMaterialUpdate":false,"showSkybox":true,"showFlares":true,"showImageEffects":true,"showParticleSystems":true},"in2DMode":false,"pivot":{"x":0.07683302462100983,"y":0.10261143743991852,"z":0.450969398021698},"rotation":{"x":-0.030810805037617685,"y":0.9690057039260864,"z":-0.18264350295066834,"w":-0.16346286237239839},"size":1.3616856336593629,"orthographic":true}