{"cameraMode":{"drawMode":0,"name":"Shaded","section":"Shading Mode"},"sceneLighting":false,"audioPlay":false,"sceneViewState":{"showFog":true,"showMaterialUpdate":false,"showSkybox":true,"showFlares":true,"showImageEffects":true,"showParticleSystems":true},"in2DMode":false,"pivot":{"x":-0.27799996733665469,"y":0.23397895693778993,"z":1.0528569221496583},"rotation":{"x":0.03057231940329075,"y":0.030580803751945497,"z":0.0009229696006514132,"w":-0.9990720748901367},"size":0.549138069152832,"orthographic":false}