{"cameraMode":{"drawMode":0,"name":"Shaded","section":"Shading Mode"},"sceneLighting":false,"audioPlay":false,"sceneViewState":{"showFog":true,"showMaterialUpdate":false,"showSkybox":true,"showFlares":true,"showImageEffects":true,"showParticleSystems":true},"in2DMode":false,"pivot":{"x":5.498100757598877,"y":-1.1311016082763672,"z":7.517542839050293},"rotation":{"x":0.010115750133991242,"y":-0.7491448521614075,"z":-0.011465395800769329,"w":-0.6622307300567627},"size":0.8573657274246216,"orthographic":false}