{"cameraMode":{"drawMode":0,"name":"Shaded","section":"Shading Mode"},"sceneLighting":false,"audioPlay":false,"sceneViewState":{"showFog":true,"showMaterialUpdate":false,"showSkybox":true,"showFlares":true,"showImageEffects":true,"showParticleSystems":true},"in2DMode":false,"pivot":{"x":-7.710224151611328,"y":-1.2130000591278077,"z":2.285128116607666},"rotation":{"x":-0.011698413640260697,"y":0.041083402931690219,"z":-0.0004951609298586845,"w":-0.9990871548652649},"size":1.000259518623352,"orthographic":false}