{"cameraMode":{"drawMode":0,"name":"Shaded","section":"Shading Mode"},"sceneLighting":false,"audioPlay":false,"sceneViewState":{"showFog":true,"showMaterialUpdate":true,"showSkybox":true,"showFlares":true,"showImageEffects":true,"showParticleSystems":true},"in2DMode":false,"pivot":{"x":487.70001220703127,"y":165.77719116210938,"z":0.0},"rotation":{"x":0.04588990658521652,"y":0.01348087377846241,"z":-0.0006160749471746385,"w":0.9988553524017334},"size":645.5465087890625,"orthographic":false}